t,bw_out_allowance_exceeded,pps_allowance_exceeded,conntrack_allowance_exceeded
0,1541082544,0,0
10,1545398488,0,0
20,1549891611,0,0
30,1554398445,0,0
40,1558893208,0,0
50,1563372444,0,0
60,1567865894,0,0
70,1572347989,0,0
80,1576824080,0,0
90,1581296751,0,0
100,1585718800,0,0
110,1590126236,0,0
120,1594591881,0,0
130,1598976910,0,0
140,1603343346,0,0
150,1607775156,0,0
160,1612216483,0,0
170,1616823772,0,0
180,1621345442,0,0
190,1625693313,0,0
200,1629984468,0,0
210,1634168350,0,0
220,1638653483,0,0
230,1643261520,0,0
240,1647395740,0,0
250,1651498599,0,0
260,1655678010,0,0
270,1660055303,0,0
280,1664645006,0,0
290,1669362289,0,0
300,1674188440,0,0
310,1679167631,0,0
320,1684325748,0,0
330,1689477935,0,0
340,1694804112,0,0
350,1700069804,0,0
360,1704998732,0,0
370,1710015220,0,0
380,1715111114,0,0
390,1720136883,0,0
400,1724623577,0,0
410,1729200877,0,0
420,1733746406,0,0
430,1738329518,0,0
440,1743022325,0,0
450,1747719807,0,0
460,1752430399,0,0
470,1756968363,0,0
480,1761150447,0,0
490,1765393535,0,0
500,1769698727,0,0
510,1774050579,0,0
520,1778471401,0,0
530,1782938210,0,0
540,1787449450,0,0
550,1792206607,0,0
560,1797129927,0,0
570,1801892696,0,0
580,1806615380,0,0
590,1811438765,0,0
600,1816250458,0,0
