t,bytes,objects_done,errors,workers
1,4613734400,0,0,256
2,1761607680,0,0,256
3,2080374784,0,0,256
4,1124073472,0,0,256
5,2818572288,0,0,256
6,1879048192,0,0,256
7,2415919104,7,0,256
8,2214592512,5,0,256
9,2063597568,1,0,256
10,1879048192,18,0,256
11,1811939328,6,0,256
12,2600468480,5,0,256
13,1560281088,21,0,256
14,2600468480,8,0,256
15,2030043136,17,0,256
16,2248146944,13,0,256
17,1895825408,10,0,256
18,2248146944,16,0,256
19,2113929216,27,0,256
20,1392508928,17,0,256
21,2868903936,43,0,256
22,2281701376,22,0,256
23,1862270976,7,0,256
24,1560281088,5,0,256
25,2566914048,12,0,256
26,1996488704,12,0,256
27,2130706432,12,0,256
28,2214592512,40,0,256
29,2365587456,14,0,256
30,1879048192,8,0,256
31,1577058304,11,0,256
32,2751463424,12,0,256
33,1895825408,13,0,256
34,2080374784,17,0,256
35,2432696320,16,0,256
36,1862270976,9,0,256
37,1577058304,15,0,256
38,2399141888,27,0,256
39,2449473536,24,0,256
40,1644167168,15,0,256
41,2634022912,17,0,256
42,1526726656,11,0,256
43,2785017856,20,0,256
44,1593835520,6,0,256
45,2298478592,16,0,256
46,2499805184,23,0,256
47,1392508928,12,0,256
48,2382364672,10,0,256
49,2080374784,14,0,256
50,2030043136,8,0,256
51,1811939328,15,0,256
52,2734686208,20,0,256
53,1744830464,13,0,256
54,2063597568,21,0,256
55,2868903936,19,0,256
56,1358954496,10,0,256
57,2214592512,16,0,256
58,2063597568,19,0,256
59,2432696320,30,0,256
60,1862270976,15,0,256
61,1879048192,7,0,256
62,2516582400,21,0,256
63,1828716544,8,0,256
64,2130706432,18,0,256
65,2231369728,11,0,256
66,2063597568,14,0,256
67,1610612736,18,0,256
68,2969567232,20,0,256
69,1711276032,14,0,256
70,2181038080,13,0,256
71,2030043136,21,0,256
72,2298478592,15,0,256
73,1979711488,13,0,256
74,1560281088,13,0,256
75,2818572288,23,0,256
76,1728053248,15,0,256
77,2231369728,15,0,256
78,2080374784,18,0,256
79,2332033024,18,0,256
80,2197815296,15,0,256
81,1476395008,10,0,256
82,2147483648,12,0,256
83,2617245696,16,0,256
84,1879048192,20,0,256
85,2063597568,10,0,256
86,2399141888,22,0,256
87,1728053248,19,0,256
88,2298478592,13,0,256
89,1677721600,14,0,256
90,2868903936,17,0,256
91,1728053248,17,0,256
92,2248146944,19,0,256
93,1610612736,9,0,256
94,2617245696,16,0,256
95,2013265920,19,0,256
96,1962934272,14,0,256
97,1660944384,15,0,256
98,3087007744,20,0,256
99,1308622848,9,0,256
100,2332033024,15,0,256
101,2130706432,15,0,256
102,1979711488,10,0,256
103,2566914048,16,0,256
104,1644167168,18,0,256
105,2617245696,16,0,256
106,1946157056,20,0,256
107,1795162112,13,0,256
108,2030043136,11,0,256
109,2449473536,24,0,256
110,1811939328,18,0,256
111,2315255808,19,0,256
112,2080374784,13,0,256
113,2097152000,17,0,256
114,2197815296,13,0,256
115,1711276032,18,0,256
116,2717908992,19,0,256
117,1409286144,12,0,256
118,2516582400,11,0,256
119,2231369728,11,0,256
120,1677721600,14,0,256
121,2449473536,23,0,256
122,2046820352,13,0,256
123,1895825408,14,0,256
124,2332033024,16,0,256
125,1979711488,18,0,256
126,2332033024,20,0,256
127,1493172224,12,0,256
128,2667577344,21,0,256
129,2046820352,13,0,256
130,1677721600,8,0,256
131,2801795072,21,0,256
132,1593835520,13,0,256
133,2113929216,16,0,256
134,2415919104,17,0,256
135,1929379840,16,0,256
136,1912602624,16,0,256
137,2147483648,19,0,256
138,2332033024,10,0,256
139,1879048192,18,0,256
140,2298478592,14,0,256
141,2063597568,10,0,256
142,1660944384,21,0,256
143,2919235584,21,0,256
144,1325400064,7,0,256
145,2650800128,22,0,256
146,1778384896,12,0,256
147,2080374784,15,0,256
148,2298478592,20,0,256
149,2080374784,19,0,256
150,2030043136,14,0,256
151,2248146944,16,0,256
152,1879048192,14,0,256
153,2298478592,19,0,256
154,2013265920,14,0,256
155,2113929216,14,0,256
156,1862270976,14,0,256
157,2432696320,22,0,256
158,2063597568,10,0,256
159,1946157056,8,0,256
160,1979711488,20,0,256
161,2298478592,14,0,256
162,2113929216,16,0,256
163,2046820352,12,0,256
164,2063597568,16,0,256
165,1895825408,12,0,256
166,2550136832,23,0,256
167,1828716544,22,0,256
168,2415919104,20,0,256
169,1828716544,18,0,256
170,1879048192,15,0,256
171,2667577344,10,0,256
172,1660944384,13,0,256
173,2248146944,17,0,256
174,2130706432,17,0,256
175,1728053248,9,0,256
176,2566914048,22,0,256
177,2063597568,13,0,256
178,1895825408,11,0,256
179,2315255808,12,0,256
180,2030043136,19,0,256
181,1862270976,23,0,256
182,2399141888,16,0,256
183,1979711488,14,0,256
184,1946157056,14,0,256
185,2600468480,20,0,256
186,1392508928,6,0,256
187,2634022912,21,0,256
188,2030043136,14,0,256
189,1912602624,12,0,256
190,2181038080,26,0,256
191,2097152000,16,0,256
192,2197815296,14,0,256
193,1677721600,14,0,256
194,2617245696,23,0,256
195,2097152000,12,0,256
196,1962934272,14,0,256
197,1946157056,12,0,256
198,2466250752,18,0,256
199,1929379840,10,0,256
200,1728053248,15,0,256
201,2499805184,17,0,256
202,1879048192,15,0,256
203,2231369728,18,0,256
204,1946157056,16,0,256
205,2415919104,20,0,256
206,1946157056,13,0,256
207,1946157056,17,0,256
208,2231369728,18,0,256
209,2197815296,12,0,256
210,2030043136,10,0,256
211,1811939328,13,0,256
212,2315255808,15,0,256
213,2348810240,20,0,256
214,1862270976,20,0,256
215,1946157056,15,0,256
216,2231369728,19,0,256
217,2248146944,17,0,256
218,2046820352,15,0,256
219,1946157056,16,0,256
220,2130706432,14,0,256
221,2365587456,18,0,256
222,2046820352,5,0,256
223,1845493760,14,0,256
224,2063597568,16,0,256
225,2231369728,13,0,256
226,2214592512,16,0,256
227,1828716544,12,0,256
228,2214592512,24,0,256
229,2264924160,17,0,256
230,1795162112,17,0,256
231,2231369728,18,0,256
232,2046820352,17,0,256
233,2231369728,14,0,256
234,2080374784,16,0,256
235,2046820352,18,0,256
236,2097152000,19,0,256
237,2063597568,14,0,256
238,2348810240,13,0,256
239,1728053248,10,0,256
240,2332033024,15,0,256
241,2063597568,17,0,256
242,2030043136,16,0,256
243,2097152000,14,0,256
244,2113929216,15,0,256
245,2080374784,19,0,256
246,2164260864,15,0,256
247,2046820352,25,0,256
248,2164260864,10,0,256
249,2130706432,17,0,256
250,1912602624,15,0,256
251,2248146944,10,0,256
252,2030043136,13,0,256
253,2097152000,10,0,256
254,2181038080,22,0,256
255,2046820352,15,0,256
256,2113929216,14,0,256
257,2130706432,16,0,256
258,2197815296,16,0,256
259,2030043136,14,0,256
260,1996488704,14,0,256
261,2080374784,22,0,256
262,2113929216,21,0,256
263,2348810240,23,0,256
264,1912602624,13,0,256
265,2097152000,12,0,256
266,2080374784,12,0,256
267,1979711488,13,0,256
268,2298478592,19,0,256
269,2231369728,20,0,256
270,1862270976,13,0,256
271,2113929216,13,0,256
272,2181038080,12,0,256
273,2181038080,15,0,256
274,1912602624,19,0,256
275,2097152000,19,0,256
276,2248146944,19,0,256
277,1996488704,9,0,256
278,2147483648,16,0,256
279,2231369728,11,0,256
280,1879048192,18,0,256
281,2147483648,17,0,256
282,2046820352,18,0,256
283,2231369728,19,0,256
284,2197815296,19,0,256
285,1946157056,14,0,256
286,2080374784,13,0,256
287,2130706432,16,0,256
288,2063597568,14,0,256
289,2147483648,16,0,256
290,2030043136,15,0,256
291,2063597568,22,0,256
292,2264924160,11,0,256
293,1946157056,9,0,256
294,2264924160,17,0,256
295,2113929216,13,0,256
296,1895825408,13,0,256
297,2264924160,20,0,256
298,1996488704,17,0,256
299,2197815296,18,0,256
300,2013265920,23,0,256
301,2181038080,13,0,256
302,2097152000,17,0,256
303,1912602624,9,0,256
304,2264924160,18,0,256
305,1929379840,18,0,256
306,2181038080,11,0,256
307,2147483648,14,0,256
308,2013265920,13,0,256
309,2197815296,17,0,256
310,2080374784,23,0,256
311,2030043136,13,0,256
312,2113929216,14,0,256
313,2030043136,14,0,256
314,2147483648,13,0,256
315,2097152000,19,0,256
316,2164260864,18,0,256
317,2080374784,16,0,256
318,2097152000,12,0,256
319,2113929216,14,0,256
320,1996488704,18,0,256
321,2264924160,21,0,256
322,2030043136,13,0,256
323,2097152000,16,0,256
324,2231369728,20,0,256
325,1879048192,12,0,256
326,2181038080,10,0,256
327,2080374784,14,0,256
328,2130706432,12,0,256
329,2080374784,23,0,256
330,2248146944,10,0,256
331,1744830464,12,0,256
332,2382364672,24,0,256
333,2080374784,15,0,256
334,2046820352,17,0,256
335,1996488704,14,0,256
336,2130706432,20,0,256
337,2063597568,15,0,256
338,2197815296,15,0,256
339,1996488704,14,0,256
340,2248146944,21,0,256
341,2013265920,12,0,256
342,2113929216,12,0,256
343,2063597568,13,0,256
344,2097152000,17,0,256
345,2046820352,12,0,256
346,2248146944,14,0,256
347,2030043136,26,0,256
348,2231369728,16,0,256
349,1996488704,15,0,256
350,2164260864,21,0,256
351,1962934272,10,0,256
352,2130706432,17,0,256
353,2097152000,13,0,256
354,2147483648,18,0,256
355,2097152000,11,0,256
356,1996488704,17,0,256
357,2147483648,18,0,256
358,2046820352,18,0,256
359,2130706432,14,0,256
360,2080374784,14,0,256
361,2113929216,12,0,256
362,2080374784,14,0,256
363,2181038080,18,0,256
364,2130706432,19,0,256
365,2080374784,16,0,256
366,2030043136,11,0,256
367,2097152000,22,0,256
368,1979711488,11,0,256
369,2214592512,17,0,256
370,2030043136,14,0,256
371,2264924160,18,0,256
372,2030043136,15,0,256
373,1946157056,19,0,256
374,2197815296,16,0,256
375,2197815296,17,0,256
376,1862270976,15,0,256
377,2264924160,19,0,256
378,2097152000,15,0,256
379,2113929216,12,0,256
380,2080374784,12,0,256
381,2113929216,14,0,256
382,2063597568,13,0,256
383,2046820352,18,0,256
384,2130706432,11,0,256
385,2046820352,19,0,256
386,2197815296,15,0,256
387,2030043136,14,0,256
388,2013265920,22,0,256
389,2197815296,22,0,256
390,2147483648,13,0,256
391,2013265920,9,0,256
392,2080374784,14,0,256
393,2164260864,23,0,256
394,2113929216,13,0,256
395,2097152000,17,0,256
396,2030043136,17,0,256
397,2113929216,18,0,256
398,2181038080,10,0,256
399,1912602624,13,0,256
400,2332033024,21,0,256
401,2097152000,10,0,256
402,2030043136,12,0,256
403,1996488704,15,0,256
404,2113929216,16,0,256
405,2046820352,14,0,256
406,2332033024,20,0,256
407,1795162112,14,0,256
408,2315255808,16,0,256
409,1929379840,24,0,256
410,2214592512,14,0,256
411,1996488704,16,0,256
412,2130706432,15,0,256
413,2113929216,17,0,256
414,2130706432,13,0,256
415,2097152000,16,0,256
416,2063597568,19,0,256
417,2113929216,12,0,256
418,2130706432,5,0,256
419,2046820352,14,0,256
420,2080374784,18,0,256
421,2063597568,15,0,256
422,2197815296,20,0,256
423,1946157056,27,0,256
424,2365587456,17,0,256
425,1862270976,12,0,256
426,2080374784,11,0,256
427,2382364672,16,0,256
428,1962934272,16,0,256
429,2130706432,16,0,256
430,2097152000,9,0,256
431,1962934272,13,0,256
432,2281701376,25,0,256
433,1912602624,10,0,256
434,2181038080,20,0,256
435,2097152000,18,0,256
436,2097152000,19,0,256
437,2181038080,14,0,256
438,2046820352,13,0,256
439,2013265920,16,0,256
440,2080374784,13,0,256
441,2113929216,20,0,256
442,2214592512,17,0,256
443,1979711488,16,0,256
444,2231369728,15,0,256
445,1845493760,13,0,256
446,2264924160,14,0,256
447,2147483648,10,0,256
448,1962934272,11,0,256
449,2214592512,19,0,256
450,2063597568,14,0,256
451,2113929216,23,0,256
452,2013265920,12,0,256
453,2164260864,18,0,256
454,2164260864,22,0,256
455,2030043136,15,0,256
456,2013265920,18,0,256
457,2348810240,14,0,256
458,1912602624,13,0,256
459,2130706432,20,0,256
460,2046820352,13,0,256
461,2197815296,12,0,256
462,2030043136,20,0,256
463,2097152000,10,0,256
464,2080374784,14,0,256
465,2164260864,19,0,256
466,2063597568,20,0,256
467,2214592512,16,0,256
468,1845493760,17,0,256
469,2365587456,17,0,256
470,1929379840,9,0,256
471,2164260864,19,0,256
472,2030043136,7,0,256
473,2080374784,8,0,256
474,2231369728,13,0,256
475,1912602624,18,0,256
476,2332033024,26,0,256
477,1929379840,20,0,256
478,2214592512,17,0,256
479,2080374784,15,0,256
480,2080374784,25,0,256
481,2046820352,10,0,256
482,2181038080,11,0,256
483,2097152000,9,0,256
484,1946157056,18,0,256
485,2264924160,28,0,256
486,1929379840,10,0,256
487,2214592512,16,0,256
488,2080374784,10,0,256
489,2147483648,18,0,256
490,2030043136,13,0,256
491,2147483648,13,0,256
492,1929379840,13,0,256
493,2248146944,21,0,256
494,2164260864,12,0,256
495,1929379840,17,0,256
496,2113929216,12,0,256
497,2281701376,24,0,256
498,1946157056,5,0,256
499,2113929216,17,0,256
500,2231369728,21,0,256
501,2063597568,15,0,256
502,2013265920,18,0,256
503,2147483648,26,0,256
504,2147483648,17,0,256
505,2063597568,15,0,256
506,2013265920,10,0,256
507,2197815296,18,0,256
508,2063597568,18,0,256
509,1912602624,11,0,256
510,2415919104,12,0,256
511,1946157056,14,0,256
512,2181038080,18,0,256
513,2147483648,11,0,256
514,2030043136,14,0,256
515,2063597568,13,0,256
516,2214592512,23,0,256
517,1912602624,17,0,256
518,2181038080,14,0,256
519,2231369728,8,0,256
520,2063597568,25,0,256
521,1811939328,13,0,256
522,2298478592,16,0,256
523,2030043136,16,0,256
524,2113929216,14,0,256
525,2130706432,12,0,256
526,1912602624,13,0,256
527,2348810240,21,0,256
528,2063597568,22,0,256
529,2130706432,22,0,256
530,2080374784,16,0,256
531,2080374784,11,0,256
532,2013265920,13,0,256
533,2147483648,20,0,256
534,2013265920,9,0,256
535,2130706432,16,0,256
536,2231369728,15,0,256
537,1946157056,19,0,256
538,2181038080,15,0,256
539,2013265920,15,0,256
540,2231369728,17,0,256
541,2030043136,7,0,256
542,2063597568,18,0,256
543,2248146944,15,0,256
544,1862270976,15,0,256
545,2248146944,13,0,256
546,2197815296,21,0,256
547,1862270976,15,0,256
548,2214592512,15,0,256
549,2097152000,20,0,256
550,1912602624,12,0,256
551,2298478592,22,0,256
552,2097152000,20,0,256
553,2030043136,16,0,256
554,2130706432,13,0,256
555,2147483648,10,0,256
556,2063597568,19,0,256
557,2046820352,15,0,256
558,2181038080,15,0,256
559,2113929216,15,0,256
560,2080374784,12,0,256
561,2113929216,16,0,256
562,2147483648,8,0,256
563,2046820352,17,0,256
564,2113929216,14,0,256
565,2013265920,21,0,256
566,1996488704,14,0,256
567,2348810240,23,0,256
568,1962934272,17,0,256
569,1996488704,17,0,256
570,2281701376,18,0,256
571,1979711488,11,0,256
572,2264924160,13,0,256
573,1979711488,16,0,256
574,2281701376,22,0,256
575,2030043136,13,0,256
576,1946157056,11,0,256
577,2080374784,15,0,256
578,2097152000,12,0,256
579,2147483648,20,0,256
580,2197815296,17,0,256
581,1929379840,14,0,256
582,2214592512,11,0,256
583,2130706432,15,0,256
584,2063597568,20,0,256
585,2248146944,22,0,256
586,1811939328,8,0,256
587,2248146944,13,0,256
588,1946157056,19,0,256
589,2248146944,20,0,256
590,2113929216,14,0,256
591,1996488704,15,0,256
592,2147483648,14,0,256
593,2197815296,22,0,256
594,2113929216,15,0,256
595,2013265920,8,0,256
596,2030043136,14,0,256
597,2046820352,19,0,256
598,2248146944,22,0,256
599,2164260864,14,0,256
600,2097152000,11,0,256
601,2013265920,16,0,256
602,2063597568,18,0,256
603,2113929216,13,0,256
604,2080374784,21,0,256
605,2181038080,18,0,256
606,2147483648,13,0,256
607,1862270976,13,0,256
608,2264924160,16,0,256
609,1996488704,12,0,256
610,2264924160,15,0,256
611,2164260864,12,0,256
612,2013265920,10,0,256
613,2097152000,16,0,256
614,2080374784,22,0,256
615,1879048192,15,0,256
616,2298478592,25,0,256
617,2097152000,21,0,256
618,2097152000,10,0,256
619,2231369728,17,0,256
620,1795162112,14,0,256
621,2432696320,23,0,256
622,1962934272,12,0,256
623,1996488704,13,0,256
624,2197815296,13,0,256
625,2080374784,16,0,256
626,2013265920,19,0,256
627,2415919104,15,0,256
628,1795162112,11,0,256
629,2197815296,13,0,256
630,2080374784,20,0,256
631,2197815296,14,0,256
632,1912602624,11,0,256
633,2315255808,23,0,256
634,1912602624,12,0,256
635,2332033024,19,0,256
636,1879048192,12,0,256
637,2248146944,14,0,256
638,2063597568,22,0,256
639,2130706432,19,0,256
640,2030043136,16,0,256
641,2097152000,11,0,256
642,2046820352,10,0,256
643,2281701376,16,0,256
644,1979711488,19,0,256
645,2147483648,14,0,256
646,2030043136,13,0,256
647,2197815296,16,0,256
648,1895825408,25,0,256
649,2281701376,15,0,256
650,2046820352,17,0,256
651,2197815296,17,0,256
652,2164260864,11,0,256
653,1778384896,13,0,256
654,2315255808,15,0,256
655,2046820352,11,0,256
656,2080374784,18,0,256
657,2130706432,18,0,256
658,2130706432,15,0,256
659,2197815296,18,0,256
660,1946157056,16,0,256
661,2164260864,11,0,256
662,1996488704,18,0,256
663,2164260864,15,0,256
664,2130706432,19,0,256
665,2097152000,14,0,256
666,2130706432,17,0,256
667,2013265920,19,0,256
668,2080374784,16,0,256
669,2147483648,19,0,256
670,2147483648,11,0,256
671,2130706432,11,0,256
672,2063597568,17,0,256
673,1929379840,15,0,256
674,2264924160,15,0,256
675,2097152000,17,0,256
676,2097152000,16,0,256
677,2097152000,10,0,256
678,2147483648,20,0,256
679,1962934272,12,0,256
680,2298478592,16,0,256
681,1912602624,16,0,256
682,2248146944,19,0,256
683,1895825408,19,0,256
684,2382364672,14,0,256
685,1946157056,18,0,256
686,1979711488,16,0,256
687,2197815296,13,0,256
688,2063597568,15,0,256
689,2197815296,15,0,256
690,1946157056,21,0,256
691,2214592512,11,0,256
692,2080374784,7,0,256
693,2130706432,15,0,256
694,2130706432,17,0,256
695,2181038080,17,0,256
696,1929379840,16,0,256
697,2231369728,20,0,256
698,1879048192,19,0,256
699,2214592512,15,0,256
700,2063597568,12,0,256
701,2046820352,14,0,256
702,2164260864,14,0,256
703,1996488704,18,0,256
704,2130706432,19,0,256
705,2248146944,14,0,256
706,1828716544,16,0,256
707,2382364672,18,0,256
708,1929379840,14,0,256
709,2181038080,21,0,256
710,2281701376,15,0,256
711,1778384896,15,0,256
712,2281701376,14,0,256
713,1828716544,10,0,256
714,2181038080,11,0,256
715,2298478592,17,0,256
716,2046820352,16,0,256
717,2147483648,17,0,256
718,1996488704,15,0,256
719,2113929216,18,0,256
720,2164260864,19,0,256
721,2013265920,18,0,256
722,2097152000,16,0,256
723,2063597568,18,0,256
724,2097152000,16,0,256
725,2147483648,9,0,256
726,2231369728,20,0,256
727,2013265920,16,0,256
728,2181038080,15,0,256
729,1946157056,18,0,256
730,2046820352,8,0,256
731,2063597568,10,0,256
732,2348810240,15,0,256
733,1929379840,13,0,256
734,2164260864,19,0,256
735,2181038080,17,0,256
736,2013265920,25,0,256
737,1946157056,16,0,256
738,2264924160,17,0,256
739,2030043136,15,0,256
740,2113929216,10,0,256
741,2113929216,23,0,256
742,2080374784,13,0,256
743,2030043136,7,0,256
744,2113929216,16,0,256
745,2181038080,15,0,256
746,1996488704,8,0,256
747,2164260864,22,0,256
748,2164260864,18,0,256
749,2046820352,14,0,256
750,2030043136,13,0,256
751,2147483648,21,0,256
752,2231369728,16,0,256
753,1929379840,19,0,256
754,1996488704,20,0,256
755,2365587456,20,0,256
756,2063597568,7,0,256
757,1912602624,16,0,256
758,2046820352,21,0,256
759,2415919104,16,0,256
760,1962934272,11,0,256
761,1929379840,13,0,256
762,2298478592,12,0,256
763,1962934272,13,0,256
764,2130706432,22,0,256
765,2181038080,16,0,256
766,2013265920,15,0,256
767,2113929216,19,0,256
768,2164260864,15,0,256
769,1946157056,19,0,256
770,2214592512,12,0,256
771,2164260864,14,0,256
772,2080374784,10,0,256
773,1929379840,14,0,256
774,2214592512,13,0,256
775,2063597568,14,0,256
776,2046820352,17,0,256
777,2214592512,24,0,256
778,2013265920,14,0,256
779,2080374784,14,0,256
780,2197815296,20,0,256
781,2130706432,10,0,256
782,1979711488,16,0,256
783,2097152000,22,0,256
784,2214592512,19,0,256
785,2013265920,14,0,256
786,1996488704,12,0,256
787,2298478592,21,0,256
788,1929379840,13,0,256
789,2113929216,11,0,256
790,2147483648,14,0,256
791,2080374784,16,0,256
792,2214592512,17,0,256
793,2046820352,16,0,256
794,1946157056,13,0,256
795,2281701376,23,0,256
796,2130706432,13,0,256
797,1946157056,15,0,256
798,2264924160,21,0,256
799,2113929216,12,0,256
800,1979711488,14,0,256
801,2181038080,13,0,256
802,2013265920,14,0,256
803,2113929216,21,0,256
804,2181038080,14,0,256
805,2097152000,18,0,256
806,2097152000,18,0,256
807,2046820352,14,0,256
808,2046820352,14,0,256
809,2046820352,13,0,256
810,2281701376,14,0,256
811,1828716544,19,0,256
812,2348810240,23,0,256
813,2080374784,16,0,256
814,2046820352,11,0,256
815,2113929216,13,0,256
816,1962934272,11,0,256
817,2348810240,16,0,256
818,1979711488,14,0,256
819,2130706432,16,0,256
820,1996488704,12,0,256
821,2248146944,23,0,256
822,1862270976,18,0,256
823,2281701376,20,0,256
824,2097152000,13,0,256
825,2030043136,13,0,256
826,2214592512,17,0,256
827,1996488704,9,0,256
828,2264924160,19,0,256
829,1711276032,11,0,256
830,2533359616,26,0,256
831,1912602624,16,0,256
832,2046820352,17,0,256
833,2181038080,15,0,256
834,2097152000,22,0,256
835,2030043136,7,0,256
836,2214592512,7,0,256
837,2030043136,14,0,256
838,2013265920,12,0,256
839,2231369728,17,0,256
840,1946157056,18,0,256
841,2248146944,26,0,256
842,1929379840,18,0,256
843,2332033024,19,0,256
844,1996488704,15,0,256
845,2030043136,8,0,256
846,2113929216,17,0,256
847,2113929216,13,0,256
848,2181038080,11,0,256
849,2046820352,17,0,256
850,2181038080,16,0,256
851,1912602624,18,0,256
852,2281701376,13,0,256
853,1962934272,15,0,256
854,2248146944,23,0,256
855,1795162112,11,0,256
856,2332033024,20,0,256
857,2063597568,10,0,256
858,2030043136,15,0,256
859,2264924160,21,0,256
860,1879048192,16,0,256
861,2214592512,18,0,256
862,1962934272,10,0,256
863,2248146944,15,0,256
864,2046820352,18,0,256
865,2113929216,17,0,256
866,2080374784,10,0,256
867,2181038080,14,0,256
868,2046820352,19,0,256
869,1996488704,13,0,256
870,2348810240,17,0,256
871,2013265920,24,0,256
872,1979711488,15,0,256
873,2063597568,18,0,256
874,2030043136,16,0,256
875,2214592512,15,0,256
876,2181038080,15,0,256
877,2013265920,18,0,256
878,2147483648,13,0,256
879,2046820352,12,0,256
880,2164260864,15,0,256
881,2046820352,15,0,256
882,2113929216,12,0,256
883,2130706432,17,0,256
884,2063597568,20,0,256
885,2147483648,12,0,256
886,2130706432,12,0,256
887,1828716544,18,0,256
888,2281701376,14,0,256
889,1979711488,13,0,256
890,2197815296,19,0,256
891,2181038080,21,0,256
892,1946157056,20,0,256
893,2113929216,16,0,256
894,2097152000,9,0,256
895,2164260864,12,0,256
896,2130706432,22,0,256
897,1811939328,10,0,256
898,2281701376,11,0,256
899,2080374784,19,0,256
900,2181038080,17,0,256
901,2097152000,20,0,256
902,2097152000,20,0,256
903,1929379840,12,0,256
904,2164260864,21,0,256
905,2248146944,12,0,256
906,1946157056,10,0,256
907,2197815296,9,0,256
908,1979711488,15,0,256
909,2147483648,18,0,256
910,2046820352,17,0,256
911,2231369728,18,0,256
912,1962934272,10,0,256
913,2030043136,13,0,256
914,2281701376,13,0,256
915,2097152000,23,0,256
916,2046820352,18,0,256
917,1929379840,16,0,256
918,2382364672,21,0,256
919,1962934272,16,0,256
920,1929379840,17,0,256
921,2248146944,18,0,256
922,2197815296,13,0,256
923,1979711488,16,0,256
924,2013265920,21,0,256
925,2181038080,11,0,256
926,2197815296,9,0,256
927,1929379840,16,0,256
928,2231369728,15,0,256
929,2046820352,16,0,256
930,2113929216,16,0,256
931,2030043136,14,0,256
932,2214592512,19,0,256
933,1946157056,16,0,256
934,1962934272,16,0,256
935,2264924160,6,0,256
936,2164260864,17,0,256
937,1962934272,20,0,256
938,2231369728,13,0,256
939,2013265920,17,0,256
940,2130706432,12,0,256
941,2197815296,18,0,256
942,1912602624,15,0,256
943,2030043136,19,0,256
944,2281701376,14,0,256
945,2063597568,13,0,256
946,1912602624,16,0,256
947,2181038080,25,0,256
948,2231369728,16,0,256
949,2030043136,14,0,256
950,2181038080,18,0,256
951,2063597568,14,0,256
952,2030043136,16,0,256
953,2097152000,21,0,256
954,1962934272,11,0,256
955,2214592512,12,0,256
956,2080374784,16,0,256
957,2030043136,11,0,256
958,2315255808,13,0,256
959,1996488704,15,0,256
960,1946157056,24,0,256
961,2080374784,12,0,256
962,2382364672,18,0,256
963,2046820352,18,0,256
964,1979711488,12,0,256
965,2147483648,16,0,256
966,2097152000,12,0,256
967,2164260864,16,0,256
968,1946157056,19,0,256
969,2147483648,16,0,256
970,2248146944,19,0,256
971,1929379840,9,0,256
972,2030043136,18,0,256
973,2298478592,19,0,256
974,1895825408,19,0,256
975,2147483648,14,0,256
976,2214592512,15,0,256
977,2030043136,14,0,256
978,2030043136,16,0,256
979,2214592512,11,0,256
980,2063597568,13,0,256
981,2013265920,20,0,256
982,2248146944,20,0,256
983,1962934272,9,0,256
984,2164260864,16,0,256
985,2214592512,16,0,256
986,1929379840,16,0,256
987,2197815296,15,0,256
988,2113929216,19,0,256
989,2113929216,14,0,256
990,2046820352,19,0,256
991,1996488704,13,0,256
992,2315255808,17,0,256
993,1929379840,13,0,256
994,2164260864,13,0,256
995,1996488704,16,0,256
996,1996488704,19,0,256
997,2332033024,15,0,256
998,2030043136,22,0,256
999,2147483648,14,0,256
1000,2080374784,14,0,256
1001,1962934272,16,0,256
1002,2147483648,13,0,256
1003,2181038080,11,0,256
1004,1946157056,20,0,256
1005,2348810240,19,0,256
1006,2030043136,11,0,256
1007,1946157056,10,0,256
1008,2164260864,19,0,256
1009,2030043136,14,0,256
1010,2113929216,14,0,256
1011,2231369728,15,0,256
1012,1895825408,20,0,256
1013,2264924160,20,0,256
1014,2046820352,19,0,256
1015,1979711488,14,0,256
1016,2264924160,14,0,256
1017,2080374784,11,0,256
1018,1946157056,13,0,256
1019,2332033024,28,0,256
1020,1711276032,16,0,256
1021,2348810240,15,0,256
1022,2030043136,15,0,256
1023,1962934272,11,0,256
1024,2348810240,17,0,256
1025,2030043136,12,0,256
1026,2030043136,10,0,256
1027,2147483648,11,0,256
1028,2013265920,24,0,256
1029,2231369728,17,0,256
1030,2080374784,16,0,256
1031,1929379840,13,0,256
1032,2264924160,21,0,256
1033,1946157056,13,0,256
1034,2113929216,21,0,256
1035,2130706432,10,0,256
1036,2113929216,17,0,256
1037,2063597568,20,0,256
1038,2113929216,15,0,256
1039,2097152000,5,0,256
1040,2264924160,15,0,256
1041,1828716544,11,0,256
1042,2181038080,25,0,256
1043,2080374784,16,0,256
1044,2030043136,19,0,256
1045,2214592512,14,0,256
1046,1979711488,15,0,256
1047,2164260864,13,0,256
1048,2013265920,21,0,256
1049,2248146944,20,0,256
1050,2063597568,12,0,256
1051,1912602624,12,0,256
1052,2298478592,12,0,256
1053,2030043136,15,0,256
1054,2197815296,16,0,256
1055,2063597568,18,0,256
1056,1962934272,14,0,256
1057,2130706432,15,0,256
1058,2113929216,23,0,256
1059,2181038080,14,0,256
1060,2063597568,13,0,256
1061,1946157056,14,0,256
1062,2214592512,25,0,256
1063,1962934272,14,0,256
1064,2332033024,18,0,256
1065,2030043136,10,0,256
1066,1962934272,13,0,256
1067,2046820352,11,0,256
1068,2181038080,15,0,256
1069,2097152000,15,0,256
1070,2181038080,19,0,256
1071,1979711488,14,0,256
1072,2214592512,13,0,256
1073,2013265920,13,0,256
1074,2063597568,20,0,256
1075,2013265920,20,0,256
1076,2164260864,18,0,256
1077,2097152000,20,0,256
1078,2181038080,14,0,256
1079,1811939328,10,0,256
1080,2432696320,22,0,256
1081,1962934272,10,0,256
1082,2080374784,11,0,256
1083,2181038080,15,0,256
1084,1946157056,14,0,256
1085,2214592512,23,0,256
1086,2063597568,12,0,256
1087,2097152000,12,0,256
1088,2147483648,22,0,256
1089,1912602624,18,0,256
1090,2348810240,14,0,256
1091,1929379840,13,0,256
1092,2130706432,17,0,256
1093,1996488704,17,0,256
1094,2164260864,18,0,256
1095,1979711488,14,0,256
1096,2197815296,15,0,256
1097,2030043136,17,0,256
1098,2248146944,16,0,256
1099,1962934272,10,0,256
1100,2130706432,21,0,256
1101,2013265920,13,0,256
1102,2097152000,13,0,256
1103,2264924160,17,0,256
1104,1845493760,13,0,256
1105,2130706432,18,0,256
1106,2231369728,13,0,256
1107,2030043136,17,0,256
1108,1946157056,13,0,256
1109,2315255808,17,0,256
1110,1845493760,17,0,256
1111,2332033024,21,0,256
1112,2130706432,20,0,256
1113,2013265920,20,0,256
1114,1979711488,15,0,256
1115,2231369728,12,0,256
1116,2063597568,15,0,256
1117,1962934272,13,0,256
1118,2264924160,11,0,256
1119,2030043136,16,0,256
1120,2113929216,11,0,256
1121,2046820352,9,0,256
1122,2147483648,18,0,256
1123,2046820352,21,0,256
1124,2097152000,18,0,256
1125,1946157056,14,0,256
1126,2147483648,17,0,256
1127,2097152000,10,0,256
1128,2231369728,19,0,256
1129,1912602624,11,0,256
1130,2046820352,17,0,256
1131,2264924160,22,0,256
1132,1996488704,13,0,256
1133,2113929216,10,0,256
1134,2097152000,16,0,256
1135,2164260864,27,0,256
1136,2063597568,13,0,256
1137,2030043136,15,0,256
1138,2264924160,14,0,256
1139,1996488704,12,0,256
1140,2046820352,12,0,256
1141,2164260864,18,0,256
1142,1962934272,16,0,256
1143,2214592512,21,0,256
1144,1979711488,14,0,256
1145,2164260864,18,0,256
1146,2113929216,19,0,256
1147,1996488704,13,0,256
1148,2248146944,18,0,256
1149,2046820352,16,0,256
1150,1895825408,9,0,256
1151,2197815296,16,0,256
1152,2097152000,9,0,256
1153,2214592512,21,0,256
1154,1962934272,11,0,256
1155,2130706432,9,0,256
1156,2030043136,27,0,256
1157,2248146944,23,0,256
1158,1862270976,11,0,256
1159,2164260864,13,0,256
1160,2264924160,16,0,256
1161,1962934272,17,0,256
1162,2097152000,18,0,256
1163,2013265920,12,0,256
1164,2214592512,18,0,256
1165,2080374784,10,0,256
1166,2181038080,18,0,256
1167,1996488704,14,0,256
1168,1979711488,17,0,256
1169,2113929216,11,0,256
1170,2097152000,21,0,256
1171,2046820352,13,0,256
1172,2248146944,12,0,256
1173,2030043136,17,0,256
1174,2063597568,17,0,256
1175,2046820352,13,0,256
1176,2197815296,20,0,256
1177,1996488704,18,0,256
1178,2214592512,18,0,256
1179,1845493760,10,0,256
1180,2197815296,16,0,256
1181,2113929216,24,0,256
1182,2080374784,9,0,256
1183,2147483648,11,0,256
1184,2181038080,16,0,256
1185,1946157056,15,0,256
1186,2130706432,21,0,256
1187,2164260864,13,0,256
1188,1879048192,19,0,256
1189,2348810240,21,0,256
1190,1979711488,10,0,256
1191,2113929216,18,0,256
1192,2013265920,11,0,256
1193,2231369728,15,0,256
1194,2164260864,15,0,256
1195,1996488704,26,0,256
1196,1996488704,12,0,256
1197,2046820352,9,0,256
1198,2164260864,13,0,256
1199,2013265920,17,0,256
1200,2181038080,18,0,256
1201,2063597568,19,0,256
1202,2030043136,21,0,256
1203,2113929216,11,0,256
1204,2097152000,16,0,256
1205,2113929216,8,0,256
1206,1996488704,13,0,256
1207,2399141888,27,0,256
1208,1946157056,15,0,256
1209,2046820352,19,0,256
1210,2130706432,13,0,256
1211,2013265920,12,0,256
1212,2097152000,7,0,256
1213,2164260864,14,0,256
1214,2097152000,23,0,256
1215,2013265920,14,0,256
1216,2063597568,15,0,256
1217,2164260864,18,0,256
1218,2046820352,14,0,256
1219,2046820352,14,0,256
1220,2197815296,10,0,256
1221,1929379840,17,0,256
1222,2248146944,23,0,256
1223,2030043136,18,0,256
1224,2181038080,20,0,256
1225,1996488704,9,0,256
1226,2147483648,12,0,256
1227,2063597568,14,0,256
1228,1962934272,19,0,256
1229,2399141888,22,0,256
1230,1996488704,11,0,256
1231,2030043136,19,0,256
1232,2130706432,14,0,256
1233,2030043136,10,0,256
1234,2130706432,17,0,256
1235,2030043136,15,0,256
1236,2097152000,12,0,256
1237,2382364672,19,0,256
1238,1610612736,11,0,256
1239,2466250752,21,0,256
1240,1761607680,17,0,256
1241,2214592512,17,0,256
1242,1979711488,20,0,256
1243,2046820352,13,0,256
1244,2348810240,15,0,256
1245,2046820352,16,0,256
1246,2013265920,15,0,256
1247,2113929216,12,0,256
1248,1962934272,16,0,256
1249,2365587456,18,0,256
1250,1962934272,10,0,256
1251,2080374784,13,0,256
1252,2147483648,16,0,256
1253,2197815296,22,0,256
1254,2013265920,19,0,256
1255,2030043136,14,0,256
1256,2046820352,13,0,256
1257,2147483648,16,0,256
1258,1929379840,15,0,256
1259,2432696320,16,0,256
1260,1744830464,14,0,256
1261,2315255808,16,0,256
1262,2013265920,20,0,256
1263,2030043136,13,0,256
1264,2315255808,19,0,256
1265,1895825408,11,0,256
1266,2097152000,14,0,256
1267,2097152000,15,0,256
1268,2264924160,19,0,256
1269,1946157056,17,0,256
1270,2164260864,11,0,256
1271,2013265920,14,0,256
1272,2097152000,17,0,256
1273,2113929216,22,0,256
1274,1996488704,12,0,256
1275,2231369728,17,0,256
1276,1996488704,12,0,256
1277,1962934272,13,0,256
1278,2147483648,25,0,256
1279,2130706432,10,0,256
1280,2214592512,16,0,256
1281,2080374784,15,0,256
1282,1979711488,14,0,256
1283,2164260864,20,0,256
1284,1912602624,13,0,256
1285,2298478592,16,0,256
1286,1879048192,21,0,256
1287,2382364672,13,0,256
1288,1828716544,8,0,256
1289,2080374784,20,0,256
1290,2348810240,15,0,256
1291,1778384896,8,0,256
1292,2315255808,15,0,256
1293,2013265920,13,0,256
1294,2130706432,12,0,256
1295,2013265920,26,0,256
1296,2080374784,21,0,256
1297,2164260864,21,0,256
1298,2097152000,16,0,256
1299,2130706432,21,0,256
1300,1979711488,13,0,256
1301,2181038080,18,0,256
1302,2013265920,14,0,256
1303,2097152000,7,0,256
1304,2046820352,13,0,256
1305,2164260864,15,0,256
1306,2113929216,5,0,256
1307,1979711488,19,0,256
1308,2365587456,20,0,256
1309,1795162112,19,0,256
1310,2332033024,15,0,256
1311,1912602624,17,0,256
1312,2197815296,17,0,256
1313,1946157056,21,0,256
1314,2197815296,18,0,256
1315,2097152000,15,0,256
1316,2030043136,15,0,256
1317,2147483648,11,0,256
1318,1996488704,10,0,256
1319,2197815296,18,0,256
1320,1996488704,13,0,256
1321,2113929216,12,0,256
1322,2181038080,19,0,256
1323,2063597568,15,0,256
1324,1996488704,15,0,256
1325,2214592512,28,0,256
1326,1811939328,12,0,256
1327,2231369728,17,0,256
1328,2264924160,16,0,256
1329,1962934272,13,0,256
1330,2164260864,14,0,256
1331,1946157056,13,0,256
1332,2181038080,15,0,256
1333,2130706432,17,0,256
1334,1912602624,17,0,256
1335,2332033024,16,0,256
1336,2097152000,20,0,256
1337,1895825408,11,0,256
1338,2315255808,14,0,256
1339,2030043136,16,0,256
1340,1996488704,11,0,256
1341,2231369728,14,0,256
1342,1895825408,14,0,256
1343,2281701376,19,0,256
1344,1962934272,12,0,256
1345,2130706432,20,0,256
1346,2147483648,14,0,256
1347,1979711488,12,0,256
1348,1996488704,19,0,256
1349,2348810240,22,0,256
1350,2046820352,19,0,256
1351,2030043136,11,0,256
1352,2248146944,21,0,256
1353,2013265920,20,0,256
1354,1946157056,9,0,256
1355,2231369728,12,0,256
1356,1946157056,11,0,256
1357,2080374784,20,0,256
1358,2315255808,20,0,256
1359,1946157056,10,0,256
1360,2147483648,11,0,256
1361,2080374784,16,0,256
1362,2164260864,17,0,256
1363,2046820352,16,0,256
1364,2013265920,17,0,256
1365,2063597568,26,0,256
1366,2281701376,15,0,256
1367,1946157056,11,0,256
1368,2181038080,13,0,256
1369,1996488704,11,0,256
1370,2046820352,11,0,256
1371,1979711488,17,0,256
1372,2315255808,19,0,256
1373,1979711488,20,0,256
1374,2147483648,19,0,256
1375,2164260864,18,0,256
1376,2063597568,10,0,256
1377,1979711488,11,0,256
1378,2231369728,24,0,256
1379,1979711488,15,0,256
1380,1979711488,15,0,256
1381,2197815296,19,0,256
1382,2147483648,9,0,256
1383,1996488704,17,0,256
1384,2264924160,10,0,256
1385,2030043136,9,0,256
1386,2030043136,21,0,256
1387,2214592512,15,0,256
1388,1962934272,10,0,256
1389,2063597568,19,0,256
1390,2164260864,22,0,256
1391,2097152000,18,0,256
1392,2130706432,20,0,256
1393,2030043136,12,0,256
1394,2214592512,15,0,256
1395,2046820352,20,0,256
1396,1996488704,15,0,256
1397,2080374784,12,0,256
1398,2113929216,15,0,256
1399,2181038080,11,0,256
1400,1979711488,22,0,256
1401,2248146944,22,0,256
1402,1845493760,12,0,256
1403,2298478592,13,0,256
1404,1962934272,12,0,256
1405,2214592512,8,0,256
1406,1996488704,21,0,256
1407,2264924160,16,0,256
1408,1895825408,12,0,256
1409,2097152000,17,0,256
1410,2181038080,16,0,256
1411,2113929216,14,0,256
1412,1895825408,15,0,256
1413,2264924160,22,0,256
1414,2080374784,16,0,256
1415,2097152000,13,0,256
1416,2147483648,15,0,256
1417,1895825408,15,0,256
1418,2030043136,14,0,256
1419,2332033024,17,0,256
1420,2030043136,10,0,256
1421,2046820352,23,0,256
1422,2197815296,18,0,256
1423,2013265920,16,0,256
1424,2030043136,19,0,256
1425,2113929216,10,0,256
1426,2248146944,22,0,256
1427,1895825408,14,0,256
1428,2264924160,16,0,256
1429,2080374784,12,0,256
1430,1895825408,10,0,256
1431,2214592512,21,0,256
1432,1895825408,16,0,256
1433,2382364672,22,0,256
1434,1996488704,16,0,256
1435,2097152000,12,0,256
1436,2164260864,11,0,256
1437,2097152000,20,0,256
1438,2097152000,13,0,256
1439,1979711488,16,0,256
1440,2164260864,9,0,256
1441,2046820352,16,0,256
1442,2063597568,17,0,256
1443,2080374784,16,0,256
1444,2181038080,15,0,256
1445,2046820352,17,0,256
1446,2080374784,18,0,256
1447,2181038080,17,0,256
1448,2063597568,12,0,256
1449,2097152000,17,0,256
1450,2080374784,18,0,256
1451,2097152000,15,0,256
1452,1862270976,14,0,256
1453,2248146944,18,0,256
1454,2231369728,17,0,256
1455,2063597568,18,0,256
1456,2046820352,13,0,256
1457,2046820352,9,0,256
1458,2181038080,14,0,256
1459,2063597568,12,0,256
1460,2097152000,16,0,256
1461,1996488704,21,0,256
1462,2197815296,17,0,256
1463,2197815296,14,0,256
1464,1879048192,10,0,256
1465,2113929216,13,0,256
1466,2181038080,20,0,256
1467,2197815296,19,0,256
1468,2013265920,15,0,256
1469,2063597568,19,0,256
1470,2197815296,18,0,256
1471,1929379840,8,0,256
1472,2231369728,14,0,256
1473,2030043136,15,0,256
1474,2130706432,17,0,256
1475,2113929216,23,0,256
1476,2097152000,15,0,256
1477,2013265920,18,0,256
1478,2181038080,18,0,256
1479,2030043136,18,0,256
1480,2147483648,13,0,256
1481,2097152000,16,0,256
1482,2030043136,15,0,256
1483,2113929216,15,0,256
1484,2080374784,9,0,256
1485,2164260864,14,0,256
1486,1996488704,15,0,256
1487,2315255808,20,0,256
1488,1946157056,7,0,256
1489,2147483648,18,0,256
1490,1979711488,11,0,256
1491,2181038080,23,0,256
1492,2030043136,20,0,256
1493,2181038080,14,0,256
1494,1946157056,12,0,256
1495,2147483648,17,0,256
1496,2181038080,16,0,256
1497,1929379840,19,0,256
1498,2348810240,20,0,256
1499,1996488704,17,0,256
1500,2030043136,17,0,256
1501,2080374784,13,0,256
1502,2130706432,12,0,256
1503,2181038080,10,0,256
1504,2147483648,23,0,256
1505,1979711488,15,0,256
1506,2013265920,12,0,256
1507,2197815296,15,0,256
1508,2130706432,25,0,256
1509,2063597568,12,0,256
1510,2080374784,14,0,256
1511,2080374784,10,0,256
1512,2181038080,13,0,256
1513,2113929216,13,0,256
1514,1996488704,13,0,256
1515,2130706432,19,0,256
1516,2197815296,19,0,256
1517,1962934272,15,0,256
1518,2147483648,24,0,256
1519,2214592512,17,0,256
1520,2013265920,10,0,256
1521,1912602624,14,0,256
1522,2164260864,15,0,256
1523,2315255808,17,0,256
1524,1862270976,18,0,256
1525,2147483648,7,0,256
1526,2147483648,21,0,256
1527,2164260864,16,0,256
1528,2013265920,14,0,256
1529,1979711488,17,0,256
1530,2298478592,16,0,256
1531,2197815296,15,0,256
1532,1845493760,13,0,256
1533,2248146944,23,0,256
1534,2097152000,16,0,256
1535,1879048192,13,0,256
1536,2214592512,18,0,256
1537,2332033024,19,0,256
1538,1895825408,9,0,256
1539,1996488704,10,0,256
1540,2298478592,21,0,256
1541,1996488704,20,0,256
1542,2013265920,11,0,256
1543,2113929216,16,0,256
1544,2164260864,17,0,256
1545,2030043136,18,0,256
1546,2097152000,12,0,256
1547,1979711488,18,0,256
1548,2231369728,17,0,256
1549,2197815296,15,0,256
1550,2080374784,9,0,256
1551,2030043136,21,0,256
1552,2113929216,15,0,256
1553,2113929216,18,0,256
1554,1979711488,15,0,256
1555,2130706432,11,0,256
1556,2030043136,10,0,256
1557,2298478592,18,0,256
1558,2046820352,18,0,256
1559,2030043136,14,0,256
1560,2013265920,23,0,256
1561,2332033024,12,0,256
1562,1946157056,15,0,256
1563,2046820352,17,0,256
1564,2147483648,16,0,256
1565,1946157056,16,0,256
1566,2214592512,21,0,256
1567,2130706432,14,0,256
1568,1996488704,14,0,256
1569,2164260864,9,0,256
1570,2130706432,12,0,256
1571,1996488704,14,0,256
1572,2164260864,21,0,256
1573,2030043136,22,0,256
1574,1962934272,12,0,256
1575,2315255808,18,0,256
1576,2063597568,15,0,256
1577,2130706432,11,0,256
1578,2063597568,16,0,256
1579,2147483648,19,0,256
1580,1946157056,14,0,256
1581,2264924160,15,0,256
1582,1795162112,8,0,256
1583,2348810240,18,0,256
1584,1979711488,19,0,256
1585,2248146944,20,0,256
1586,2013265920,13,0,256
1587,2030043136,14,0,256
1588,2113929216,23,0,256
1589,2097152000,14,0,256
1590,2181038080,17,0,256
1591,1929379840,10,0,256
1592,2348810240,11,0,256
1593,1895825408,14,0,256
1594,2130706432,23,0,256
1595,2113929216,19,0,256
1596,2113929216,17,0,256
1597,1962934272,9,0,256
1598,2214592512,17,0,256
1599,1946157056,15,0,256
1600,2231369728,14,0,256
1601,2147483648,16,0,256
1602,2080374784,17,0,256
1603,2013265920,25,0,256
1604,2181038080,7,0,256
1605,1996488704,13,0,256
1606,2147483648,17,0,256
1607,2113929216,15,0,256
1608,1929379840,20,0,256
1609,2214592512,16,0,256
1610,2113929216,17,0,256
1611,2046820352,10,0,256
1612,2113929216,16,0,256
1613,2264924160,20,0,256
1614,1979711488,15,0,256
1615,2080374784,14,0,256
1616,2231369728,16,0,256
1617,1912602624,17,0,256
1618,2164260864,8,0,256
1619,1929379840,13,0,256
1620,2264924160,21,0,256
1621,2197815296,21,0,256
1622,1912602624,6,0,256
1623,2080374784,16,0,256
1624,2013265920,18,0,256
1625,2248146944,20,0,256
1626,2013265920,16,0,256
1627,2097152000,14,0,256
1628,2130706432,20,0,256
1629,2197815296,19,0,256
1630,2013265920,14,0,256
1631,2130706432,19,0,256
1632,1929379840,9,0,256
1633,2231369728,13,0,256
1634,1879048192,8,0,256
1635,2264924160,22,0,256
1636,2097152000,17,0,256
1637,2080374784,12,0,256
1638,1962934272,15,0,256
1639,2298478592,23,0,256
1640,2046820352,14,0,256
1641,1979711488,11,0,256
1642,2214592512,19,0,256
1643,1979711488,13,0,256
1644,2130706432,13,0,256
1645,2113929216,16,0,256
1646,2147483648,20,0,256
1647,2097152000,11,0,256
1648,2164260864,11,0,256
1649,1895825408,20,0,256
1650,1979711488,16,0,256
1651,2365587456,23,0,256
1652,2147483648,12,0,256
1653,1795162112,16,0,256
1654,2365587456,18,0,256
1655,2097152000,14,0,256
1656,1828716544,11,0,256
1657,2315255808,18,0,256
1658,1979711488,16,0,256
1659,2046820352,20,0,256
1660,2264924160,13,0,256
1661,1979711488,16,0,256
1662,2046820352,16,0,256
1663,2281701376,20,0,256
1664,1929379840,12,0,256
1665,2063597568,11,0,256
1666,2214592512,20,0,256
1667,2113929216,20,0,256
1668,1929379840,9,0,256
1669,2281701376,10,0,256
1670,1996488704,9,0,256
1671,2063597568,21,0,256
1672,2147483648,16,0,256
1673,2046820352,11,0,256
1674,2063597568,19,0,256
1675,2113929216,21,0,256
1676,2248146944,14,0,256
1677,1895825408,15,0,256
1678,2147483648,24,0,256
1679,2130706432,16,0,256
1680,2046820352,17,0,256
1681,2147483648,14,0,256
1682,2130706432,17,0,256
1683,1828716544,12,0,256
1684,2399141888,18,0,256
1685,2080374784,18,0,256
1686,1929379840,11,0,256
1687,2298478592,20,0,256
1688,2046820352,10,0,256
1689,1946157056,13,0,256
1690,2231369728,11,0,256
1691,1979711488,14,0,256
1692,2214592512,13,0,256
1693,1946157056,15,0,256
1694,2181038080,21,0,256
1695,2164260864,24,0,256
1696,1912602624,16,0,256
1697,2197815296,17,0,256
1698,1996488704,15,0,256
1699,2164260864,15,0,256
1700,2097152000,8,0,256
1701,2013265920,16,0,256
1702,2248146944,19,0,256
1703,1979711488,16,0,256
1704,2097152000,14,0,256
1705,2030043136,15,0,256
1706,2181038080,20,0,256
1707,2097152000,9,0,256
1708,2046820352,15,0,256
1709,2197815296,20,0,256
1710,2046820352,17,0,256
1711,2164260864,18,0,256
1712,2030043136,9,0,256
1713,2080374784,20,0,256
1714,2030043136,12,0,256
1715,2030043136,16,0,256
1716,2181038080,16,0,256
1717,1996488704,18,0,256
1718,2097152000,15,0,256
1719,2365587456,20,0,256
1720,1828716544,15,0,256
1721,2248146944,19,0,256
1722,2046820352,11,0,256
1723,2214592512,11,0,256
1724,1946157056,19,0,256
1725,2063597568,7,0,256
1726,2113929216,15,0,256
1727,2147483648,17,0,256
1728,2063597568,20,0,256
1729,2097152000,16,0,256
1730,2147483648,10,0,256
1731,2097152000,12,0,256
1732,2080374784,21,0,256
1733,2113929216,18,0,256
1734,2080374784,13,0,256
1735,2130706432,16,0,256
1736,1996488704,18,0,256
1737,2214592512,20,0,256
1738,2046820352,10,0,256
1739,2147483648,22,0,256
1740,1929379840,16,0,256
1741,2214592512,22,0,256
1742,2164260864,13,0,256
1743,1946157056,13,0,256
1744,2113929216,16,0,256
1745,2097152000,14,0,256
1746,2130706432,12,0,256
1747,1929379840,12,0,256
1748,2298478592,15,0,256
1749,2097152000,18,0,256
1750,1979711488,14,0,256
1751,2113929216,18,0,256
1752,2197815296,19,0,256
1753,1912602624,12,0,256
1754,2097152000,23,0,256
1755,2214592512,15,0,256
1756,1996488704,8,0,256
1757,2214592512,17,0,256
1758,2030043136,16,0,256
1759,2097152000,15,0,256
1760,1979711488,8,0,256
1761,2348810240,18,0,256
1762,2097152000,17,0,256
1763,1811939328,15,0,256
1764,2248146944,19,0,256
1765,1996488704,15,0,256
1766,2214592512,21,0,256
1767,1862270976,21,0,256
1768,2365587456,12,0,256
1769,1946157056,9,0,256
1770,2281701376,18,0,256
1771,1828716544,15,0,256
1772,2231369728,13,0,256
1773,1912602624,13,0,256
1774,2382364672,31,0,256
1775,1962934272,11,0,256
1776,2298478592,15,0,256
1777,2030043136,17,0,256
1778,1979711488,8,0,256
1779,2097152000,10,0,256
1780,1996488704,14,0,256
1781,2130706432,15,0,256
1782,2080374784,23,0,256
1783,2264924160,13,0,256
1784,1979711488,16,0,256
1785,2097152000,23,0,256
1786,2046820352,11,0,256
1787,2164260864,14,0,256
1788,1996488704,16,0,256
1789,2147483648,18,0,256
1790,2013265920,20,0,256
1791,2147483648,11,0,256
1792,2013265920,14,0,256
1793,2248146944,22,0,256
1794,2113929216,11,0,256
1795,2030043136,13,0,256
1796,2130706432,18,0,256
1797,2130706432,18,0,256
1798,1996488704,14,0,256
1799,2164260864,14,0,256
1800,2130706432,17,0,256
1801,1912602624,13,0,128
1802,1946157056,19,0,128
1803,2097152000,19,0,128
1804,2030043136,17,0,128
1805,2030043136,22,0,128
1806,2013265920,17,0,128
1807,2046820352,21,0,128
1808,1879048192,23,0,128
1809,2147483648,12,0,128
1810,1979711488,27,0,128
1811,2113929216,22,0,128
1812,2013265920,26,0,128
1813,1962934272,13,0,128
1814,2181038080,21,0,128
1815,2080374784,21,0,128
1816,2030043136,16,0,128
1817,1996488704,14,0,128
1818,2164260864,11,0,128
1819,2130706432,26,0,128
1820,2030043136,17,0,128
1821,2130706432,11,0,128
1822,1996488704,19,0,128
1823,2097152000,13,0,128
1824,2214592512,23,0,128
1825,1962934272,9,0,128
1826,2181038080,13,0,128
1827,2013265920,21,0,128
1828,2214592512,18,0,128
1829,2097152000,12,0,128
1830,2080374784,17,0,128
1831,2013265920,19,0,128
1832,2164260864,17,0,128
1833,2030043136,10,0,128
1834,2013265920,10,0,128
1835,2130706432,18,0,128
1836,2181038080,20,0,128
1837,2113929216,15,0,128
1838,2080374784,14,0,128
1839,1996488704,14,0,128
1840,2080374784,16,0,128
1841,2164260864,13,0,128
1842,2063597568,16,0,128
1843,2147483648,19,0,128
1844,2013265920,19,0,128
1845,2197815296,6,0,128
1846,1996488704,18,0,128
1847,2164260864,20,0,128
1848,2097152000,11,0,128
1849,1979711488,19,0,128
1850,2248146944,15,0,128
1851,2030043136,17,0,128
1852,2046820352,15,0,128
1853,2214592512,16,0,128
1854,1912602624,17,0,128
1855,2315255808,17,0,128
1856,1946157056,12,0,128
1857,2097152000,18,0,128
1858,2214592512,11,0,128
1859,1929379840,15,0,128
1860,2214592512,20,0,128
1861,2030043136,12,0,128
1862,2097152000,22,0,128
1863,2063597568,15,0,128
1864,2130706432,20,0,128
1865,2130706432,11,0,128
1866,2130706432,9,0,128
1867,1996488704,16,0,128
1868,2130706432,17,0,128
1869,2147483648,17,0,128
1870,2080374784,16,0,128
1871,2080374784,17,0,128
1872,2063597568,16,0,128
1873,2197815296,16,0,128
1874,2046820352,12,0,128
1875,1979711488,17,0,128
1876,2197815296,20,0,128
1877,2113929216,19,0,128
1878,2097152000,9,0,128
1879,2046820352,15,0,128
1880,2197815296,12,0,128
1881,2181038080,21,0,128
1882,1879048192,14,0,128
1883,2264924160,14,0,128
1884,1996488704,13,0,128
1885,2030043136,12,0,128
1886,2164260864,28,0,128
1887,2214592512,15,0,128
1888,1929379840,15,0,128
1889,2080374784,8,0,128
1890,2147483648,20,0,128
1891,2214592512,17,0,128
1892,2013265920,15,0,128
1893,1979711488,15,0,128
1894,2181038080,19,0,128
1895,2013265920,12,0,128
1896,2231369728,14,0,128
1897,2164260864,14,0,128
1898,1895825408,22,0,128
1899,2332033024,12,0,128
1900,1996488704,12,0,128
1901,2030043136,15,0,128
1902,2113929216,23,0,128
1903,1979711488,15,0,128
1904,2231369728,9,0,128
1905,2063597568,15,0,128
1906,2097152000,19,0,128
1907,2181038080,20,0,128
1908,2097152000,15,0,128
1909,2080374784,15,0,128
1910,1979711488,13,0,128
1911,2164260864,13,0,128
1912,2030043136,19,0,128
1913,2046820352,13,0,128
1914,2281701376,16,0,128
1915,1946157056,17,0,128
1916,2130706432,20,0,128
1917,2164260864,14,0,128
1918,2013265920,13,0,128
1919,2164260864,18,0,128
1920,2113929216,14,0,128
1921,2046820352,12,0,128
1922,2030043136,15,0,128
1923,2147483648,23,0,128
1924,2063597568,14,0,128
1925,2113929216,17,0,128
1926,2046820352,13,0,128
1927,2063597568,15,0,128
1928,2113929216,12,0,128
1929,2147483648,12,0,128
1930,2113929216,16,0,128
1931,2030043136,16,0,128
1932,1962934272,17,0,128
1933,2298478592,24,0,128
1934,2113929216,19,0,128
1935,2046820352,12,0,128
1936,2130706432,17,0,128
1937,2080374784,15,0,128
1938,2046820352,16,0,128
1939,2030043136,15,0,128
1940,2113929216,15,0,128
1941,2097152000,12,0,128
1942,2264924160,18,0,128
1943,1962934272,15,0,128
1944,2113929216,13,0,128
1945,2080374784,14,0,128
1946,2063597568,18,0,128
1947,2197815296,11,0,128
1948,2097152000,17,0,128
1949,2046820352,18,0,128
1950,1996488704,17,0,128
1951,2181038080,17,0,128
1952,2181038080,16,0,128
1953,2130706432,13,0,128
1954,2030043136,12,0,128
1955,1979711488,19,0,128
1956,2231369728,23,0,128
1957,1946157056,11,0,128
1958,2147483648,15,0,128
1959,2046820352,19,0,128
1960,2181038080,11,0,128
1961,2063597568,14,0,128
1962,2147483648,16,0,128
1963,2046820352,14,0,128
1964,2063597568,19,0,128
1965,2147483648,10,0,128
1966,2130706432,17,0,128
1967,2046820352,22,0,128
1968,2097152000,12,0,128
1969,2080374784,19,0,128
1970,2097152000,14,0,128
1971,2147483648,8,0,128
1972,2130706432,17,0,128
1973,1929379840,18,0,128
1974,2164260864,17,0,128
1975,2164260864,19,0,128
1976,2097152000,20,0,128
1977,2080374784,14,0,128
1978,2063597568,12,0,128
1979,2264924160,11,0,128
1980,1912602624,14,0,128
1981,2214592512,22,0,128
1982,1946157056,15,0,128
1983,2214592512,19,0,128
1984,1979711488,12,0,128
1985,2130706432,16,0,128
1986,2147483648,11,0,128
1987,2147483648,16,0,128
1988,1996488704,17,0,128
1989,2113929216,21,0,128
1990,2231369728,18,0,128
1991,1962934272,13,0,128
1992,2147483648,12,0,128
1993,2113929216,20,0,128
1994,2030043136,20,0,128
1995,2130706432,16,0,128
1996,2097152000,7,0,128
1997,2097152000,14,0,128
1998,2080374784,19,0,128
1999,2113929216,15,0,128
2000,2214592512,17,0,128
2001,1979711488,17,0,128
2002,2097152000,11,0,128
2003,2130706432,14,0,128
2004,2164260864,21,0,128
2005,2080374784,16,0,128
2006,2013265920,14,0,128
2007,2097152000,16,0,128
2008,2130706432,12,0,128
2009,2130706432,15,0,128
2010,2063597568,14,0,128
2011,2097152000,13,0,128
2012,2046820352,17,0,128
2013,2097152000,24,0,128
2014,2097152000,14,0,128
2015,2248146944,19,0,128
2016,2013265920,8,0,128
2017,1962934272,16,0,128
2018,2231369728,22,0,128
2019,2063597568,18,0,128
2020,2130706432,15,0,128
2021,2080374784,15,0,128
2022,2113929216,13,0,128
2023,2113929216,16,0,128
2024,2063597568,13,0,128
2025,2097152000,16,0,128
2026,2097152000,14,0,128
2027,2113929216,17,0,128
2028,2046820352,14,0,128
2029,2113929216,21,0,128
2030,2181038080,14,0,128
2031,2013265920,16,0,128
2032,2097152000,13,0,128
2033,2130706432,10,0,128
2034,2113929216,19,0,128
2035,2080374784,20,0,128
2036,1929379840,14,0,128
2037,2248146944,18,0,128
2038,2097152000,14,0,128
2039,2113929216,14,0,128
2040,2063597568,11,0,128
2041,2147483648,16,0,128
2042,2046820352,18,0,128
2043,2113929216,21,0,128
2044,2113929216,19,0,128
2045,2097152000,8,0,128
2046,1962934272,11,0,128
2047,2164260864,17,0,128
2048,2164260864,20,0,128
2049,2063597568,17,0,128
2050,2097152000,16,0,128
2051,2181038080,15,0,128
2052,2113929216,11,0,128
2053,1946157056,13,0,128
2054,2097152000,20,0,128
2055,2164260864,18,0,128
2056,2181038080,19,0,128
2057,1996488704,18,0,128
2058,2147483648,16,0,128
2059,1979711488,10,0,128
2060,2063597568,16,0,128
2061,2281701376,17,0,128
2062,1979711488,16,0,128
2063,2080374784,14,0,128
2064,2063597568,12,0,128
2065,2013265920,14,0,128
2066,2264924160,21,0,128
2067,2097152000,19,0,128
2068,1979711488,9,0,128
2069,2080374784,14,0,128
2070,2231369728,25,0,128
2071,2197815296,7,0,128
2072,1962934272,23,0,128
2073,2097152000,12,0,128
2074,2063597568,10,0,128
2075,2147483648,22,0,128
2076,2046820352,11,0,128
2077,2130706432,13,0,128
2078,2130706432,17,0,128
2079,2046820352,18,0,128
2080,2063597568,10,0,128
2081,2164260864,16,0,128
2082,1979711488,15,0,128
2083,2046820352,23,0,128
2084,2231369728,20,0,128
2085,2080374784,13,0,128
2086,2063597568,15,0,128
2087,2080374784,12,0,128
2088,2181038080,12,0,128
2089,1929379840,20,0,128
2090,2113929216,22,0,128
2091,2248146944,15,0,128
2092,1996488704,11,0,128
2093,2164260864,12,0,128
2094,2046820352,19,0,128
2095,1996488704,11,0,128
2096,2214592512,20,0,128
2097,2030043136,16,0,128
2098,2181038080,16,0,128
2099,2063597568,13,0,128
2100,2063597568,16,0,128
2101,2197815296,14,0,128
2102,1979711488,20,0,128
2103,2113929216,19,0,128
2104,2046820352,8,0,128
2105,2197815296,20,0,128
2106,2013265920,14,0,128
2107,2315255808,15,0,128
2108,1962934272,16,0,128
2109,2046820352,17,0,128
2110,2130706432,22,0,128
2111,1962934272,9,0,128
2112,2164260864,13,0,128
2113,2097152000,14,0,128
2114,2147483648,20,0,128
2115,2030043136,12,0,128
2116,2147483648,16,0,128
2117,2097152000,18,0,128
2118,2063597568,15,0,128
2119,2181038080,19,0,128
2120,1996488704,11,0,128
2121,2063597568,13,0,128
2122,2181038080,20,0,128
2123,2046820352,15,0,128
2124,2063597568,18,0,128
2125,2097152000,15,0,128
2126,2097152000,15,0,128
2127,2130706432,16,0,128
2128,2080374784,11,0,128
2129,2046820352,18,0,128
2130,2147483648,17,0,128
2131,2097152000,18,0,128
2132,2214592512,14,0,128
2133,2080374784,13,0,128
2134,1996488704,21,0,128
2135,2063597568,12,0,128
2136,2046820352,14,0,128
2137,2181038080,15,0,128
2138,2080374784,17,0,128
2139,2214592512,19,0,128
2140,2113929216,12,0,128
2141,2030043136,20,0,128
2142,2113929216,13,0,128
2143,2046820352,13,0,128
2144,2030043136,18,0,128
2145,2080374784,12,0,128
2146,2181038080,18,0,128
2147,2113929216,11,0,128
2148,2030043136,25,0,128
2149,2147483648,13,0,128
2150,2113929216,15,0,128
2151,2063597568,13,0,128
2152,2147483648,14,0,128
2153,2013265920,19,0,128
2154,2063597568,15,0,128
2155,2130706432,24,0,128
2156,2046820352,10,0,128
2157,2197815296,14,0,128
2158,2097152000,15,0,128
2159,2030043136,14,0,128
2160,2147483648,14,0,128
2161,1996488704,19,0,128
2162,2214592512,21,0,128
2163,2147483648,6,0,128
2164,1962934272,17,0,128
2165,2130706432,15,0,128
2166,2030043136,21,0,128
2167,2181038080,18,0,128
2168,2097152000,16,0,128
2169,2013265920,11,0,128
2170,2164260864,14,0,128
2171,2147483648,11,0,128
2172,2046820352,15,0,128
2173,2063597568,26,0,128
2174,2130706432,15,0,128
2175,1996488704,10,0,128
2176,2097152000,11,0,128
2177,2063597568,18,0,128
2178,2231369728,20,0,128
2179,1929379840,18,0,128
2180,2214592512,19,0,128
2181,2046820352,13,0,128
2182,2046820352,12,0,128
2183,2164260864,8,0,128
2184,2013265920,20,0,128
2185,2164260864,17,0,128
2186,2147483648,14,0,128
2187,1979711488,15,0,128
2188,2063597568,23,0,128
2189,2197815296,18,0,128
2190,2013265920,13,0,128
2191,2181038080,17,0,128
2192,2097152000,14,0,128
2193,1979711488,10,0,128
2194,2281701376,18,0,128
2195,1845493760,13,0,128
2196,2113929216,19,0,128
2197,2063597568,14,0,128
2198,2231369728,17,0,128
2199,2147483648,16,0,128
2200,1996488704,15,0,128
2201,2030043136,18,0,128
2202,2231369728,12,0,128
2203,1996488704,12,0,128
2204,2147483648,15,0,128
2205,2113929216,20,0,128
2206,2063597568,22,0,128
2207,1996488704,10,0,128
2208,2281701376,17,0,128
2209,2030043136,9,0,128
2210,2046820352,24,0,128
2211,2030043136,12,0,128
2212,2197815296,18,0,128
2213,2030043136,12,0,128
2214,2130706432,21,0,128
2215,2080374784,10,0,128
2216,2097152000,16,0,128
2217,2080374784,18,0,128
2218,2080374784,15,0,128
2219,2147483648,20,0,128
2220,2063597568,11,0,128
2221,2097152000,11,0,128
2222,1996488704,20,0,128
2223,2197815296,20,0,128
2224,2147483648,10,0,128
2225,1946157056,12,0,128
2226,2197815296,19,0,128
2227,2147483648,11,0,128
2228,1996488704,22,0,128
2229,2197815296,17,0,128
2230,1979711488,15,0,128
2231,2197815296,22,0,128
2232,2113929216,10,0,128
2233,2046820352,11,0,128
2234,2214592512,23,0,128
2235,1879048192,13,0,128
2236,2181038080,16,0,128
2237,2164260864,12,0,128
2238,2113929216,17,0,128
2239,2030043136,11,0,128
2240,2063597568,21,0,128
2241,2164260864,19,0,128
2242,2046820352,19,0,128
2243,2130706432,11,0,128
2244,2046820352,16,0,128
2245,2130706432,14,0,128
2246,2113929216,13,0,128
2247,2046820352,16,0,128
2248,2147483648,13,0,128
2249,2113929216,23,0,128
2250,2113929216,10,0,128
2251,2030043136,13,0,128
2252,2130706432,19,0,128
2253,2080374784,10,0,128
2254,2080374784,20,0,128
2255,2080374784,15,0,128
2256,2046820352,21,0,128
2257,2264924160,17,0,128
2258,2080374784,13,0,128
2259,1996488704,16,0,128
2260,2030043136,10,0,128
2261,2181038080,14,0,128
2262,2097152000,15,0,128
2263,2097152000,24,0,128
2264,2080374784,15,0,128
2265,1979711488,13,0,128
2266,2147483648,14,0,128
2267,2097152000,17,0,128
2268,1996488704,17,0,128
2269,2181038080,15,0,128
2270,2063597568,22,0,128
2271,2113929216,14,0,128
2272,2097152000,14,0,128
2273,2046820352,11,0,128
2274,2063597568,16,0,128
2275,2197815296,13,0,128
2276,2063597568,16,0,128
2277,2097152000,17,0,128
2278,1962934272,14,0,128
2279,2130706432,9,0,128
2280,2147483648,22,0,128
2281,2013265920,20,0,128
2282,2181038080,24,0,128
2283,2013265920,15,0,128
2284,2130706432,9,0,128
2285,1996488704,9,0,128
2286,2164260864,15,0,128
2287,2147483648,14,0,128
2288,2046820352,19,0,128
2289,2063597568,26,0,128
2290,2046820352,13,0,128
2291,2281701376,14,0,128
2292,1845493760,11,0,128
2293,2231369728,15,0,128
2294,2063597568,18,0,128
2295,2063597568,17,0,128
2296,2281701376,11,0,128
2297,1811939328,9,0,128
2298,2181038080,19,0,128
2299,1996488704,13,0,128
2300,2080374784,23,0,128
2301,2147483648,15,0,128
2302,2046820352,13,0,128
2303,2080374784,16,0,128
2304,2113929216,23,0,128
2305,2097152000,11,0,128
2306,2147483648,13,0,128
2307,1929379840,16,0,128
2308,2130706432,19,0,128
2309,2063597568,11,0,128
2310,2248146944,14,0,128
2311,2030043136,18,0,128
2312,1979711488,16,0,128
2313,2214592512,15,0,128
2314,2046820352,10,0,128
2315,1979711488,25,0,128
2316,2197815296,15,0,128
2317,2147483648,21,0,128
2318,2080374784,12,0,128
2319,2046820352,14,0,128
2320,2097152000,14,0,128
2321,2097152000,16,0,128
2322,2113929216,13,0,128
2323,2046820352,18,0,128
2324,2030043136,12,0,128
2325,2181038080,22,0,128
2326,2130706432,11,0,128
2327,2030043136,11,0,128
2328,2097152000,18,0,128
2329,2113929216,15,0,128
2330,2030043136,27,0,128
2331,2130706432,12,0,128
2332,2080374784,11,0,128
2333,2113929216,18,0,128
2334,2063597568,15,0,128
2335,2214592512,17,0,128
2336,1946157056,13,0,128
2337,2030043136,16,0,128
2338,2197815296,25,0,128
2339,2097152000,6,0,128
2340,2013265920,9,0,128
2341,2113929216,23,0,128
2342,2063597568,13,0,128
2343,2197815296,12,0,128
2344,2080374784,12,0,128
2345,2130706432,27,0,128
2346,2097152000,17,0,128
2347,1929379840,8,0,128
2348,2181038080,19,0,128
2349,2080374784,17,0,128
2350,1996488704,13,0,128
2351,2130706432,20,0,128
2352,2130706432,10,0,128
2353,2113929216,21,0,128
2354,2080374784,11,0,128
2355,2063597568,11,0,128
2356,2147483648,19,0,128
2357,2130706432,21,0,128
2358,2080374784,16,0,128
2359,2013265920,16,0,128
2360,2030043136,11,0,128
2361,2147483648,13,0,128
2362,2181038080,17,0,128
2363,2080374784,13,0,128
2364,2013265920,18,0,128
2365,2013265920,15,0,128
2366,2231369728,20,0,128
2367,2046820352,17,0,128
2368,2046820352,16,0,128
2369,2063597568,8,0,128
2370,2164260864,11,0,128
2371,2030043136,22,0,128
2372,2181038080,15,0,128
2373,2030043136,13,0,128
2374,2164260864,15,0,128
2375,2030043136,21,0,128
2376,2130706432,17,0,128
2377,2097152000,18,0,128
2378,2046820352,17,0,128
2379,2097152000,9,0,128
2380,2097152000,10,0,128
2381,2130706432,24,0,128
2382,1979711488,18,0,128
2383,2197815296,15,0,128
2384,2013265920,18,0,128
2385,2030043136,11,0,128
2386,2214592512,12,0,128
2387,2046820352,18,0,128
2388,2231369728,17,0,128
2389,2063597568,15,0,128
2390,2030043136,12,0,128
2391,2113929216,20,0,128
2392,2130706432,16,0,128
2393,1929379840,14,0,128
2394,2248146944,13,0,128
2395,2013265920,23,0,128
2396,2130706432,12,0,128
2397,1929379840,11,0,128
2398,2164260864,15,0,128
2399,2181038080,14,0,128
2400,2013265920,17,0,128
2401,7180648448,4,0,512
2402,570425344,4,0,512
2403,2030043136,5,0,512
2404,1392508928,5,0,512
2405,2449473536,5,0,512
2406,2365587456,4,0,512
2407,2365587456,3,0,512
2408,1191182336,4,0,512
2409,2030043136,6,0,512
2410,2147483648,3,0,512
2411,2617245696,5,0,512
2412,1644167168,3,0,512
2413,2566914048,4,0,512
2414,1828716544,1,0,512
2415,1442840576,3,0,512
2416,3137339392,6,0,512
2417,1795162112,1,0,512
2418,1627389952,28,0,512
2419,1694498816,9,0,512
2420,2466250752,10,0,512
2421,2717908992,23,0,512
2422,1593835520,9,0,512
2423,1929379840,21,0,512
2424,2264924160,18,0,512
2425,1073741824,8,0,512
2426,3070230528,16,0,512
2427,2818572288,26,0,512
2428,1308622848,7,0,512
2429,1593835520,16,0,512
2430,2533359616,22,0,512
2431,1644167168,4,0,512
2432,2785017856,14,0,512
2433,2197815296,12,0,512
2434,1795162112,15,0,512
2435,1593835520,12,0,512
2436,1996488704,15,0,512
2437,2348810240,17,0,512
2438,2298478592,21,0,512
2439,1979711488,15,0,512
2440,2432696320,12,0,512
2441,1358954496,8,0,512
2442,2130706432,26,0,512
2443,2332033024,17,0,512
2444,2298478592,19,0,512
2445,1610612736,11,0,512
2446,2332033024,23,0,512
2447,2315255808,17,0,512
2448,1811939328,17,0,512
2449,2030043136,18,0,512
2450,1879048192,14,0,512
2451,1946157056,14,0,512
2452,2432696320,27,0,512
2453,2231369728,16,0,512
2454,1660944384,17,0,512
2455,2432696320,14,0,512
2456,1744830464,15,0,512
2457,2063597568,12,0,512
2458,2415919104,14,0,512
2459,2231369728,18,0,512
2460,1392508928,8,0,512
2461,2298478592,16,0,512
2462,1929379840,18,0,512
2463,2231369728,14,0,512
2464,2483027968,14,0,512
2465,1694498816,13,0,512
2466,2315255808,14,0,512
2467,1677721600,13,0,512
2468,2365587456,16,0,512
2469,1728053248,13,0,512
2470,2231369728,14,0,512
2471,2550136832,20,0,512
2472,1694498816,15,0,512
2473,2130706432,13,0,512
2474,1694498816,9,0,512
2475,2147483648,22,0,512
2476,2231369728,15,0,512
2477,2063597568,18,0,512
2478,2248146944,21,0,512
2479,2164260864,12,0,512
2480,1744830464,14,0,512
2481,1996488704,18,0,512
2482,2483027968,15,0,512
2483,2130706432,17,0,512
2484,1509949440,6,0,512
2485,2348810240,15,0,512
2486,2063597568,19,0,512
2487,1744830464,17,0,512
2488,2466250752,23,0,512
2489,2080374784,15,0,512
2490,1962934272,13,0,512
2491,2315255808,19,0,512
2492,2030043136,12,0,512
2493,1862270976,10,0,512
2494,1929379840,12,0,512
2495,2264924160,20,0,512
2496,2013265920,13,0,512
2497,1744830464,12,0,512
2498,2818572288,22,0,512
2499,1258291200,9,0,512
2500,2365587456,21,0,512
2501,2097152000,13,0,512
2502,2382364672,19,0,512
2503,1828716544,19,0,512
2504,1862270976,14,0,512
2505,2533359616,24,0,512
2506,1795162112,9,0,512
2507,1811939328,10,0,512
2508,2650800128,20,0,512
2509,1644167168,14,0,512
2510,1895825408,15,0,512
2511,2734686208,23,0,512
2512,1895825408,7,0,512
2513,1778384896,7,0,512
2514,2432696320,15,0,512
2515,1660944384,8,0,512
2516,2164260864,19,0,512
2517,2399141888,13,0,512
2518,1560281088,13,0,512
2519,2147483648,18,0,512
2520,2164260864,21,0,512
2521,2415919104,21,0,512
2522,1577058304,18,0,512
2523,2348810240,18,0,512
2524,2248146944,19,0,512
2525,1526726656,14,0,512
2526,2030043136,15,0,512
2527,2449473536,14,0,512
2528,1862270976,17,0,512
2529,2181038080,13,0,512
2530,2231369728,18,0,512
2531,1660944384,18,0,512
2532,2717908992,16,0,512
2533,1509949440,13,0,512
2534,2197815296,12,0,512
2535,2499805184,26,0,512
2536,1610612736,13,0,512
2537,2080374784,15,0,512
2538,2113929216,16,0,512
2539,1979711488,13,0,512
2540,2264924160,11,0,512
2541,1946157056,13,0,512
2542,2264924160,20,0,512
2543,1979711488,11,0,512
2544,1879048192,11,0,512
2545,2097152000,22,0,512
2546,2197815296,15,0,512
2547,1996488704,11,0,512
2548,2365587456,22,0,512
2549,1778384896,13,0,512
2550,1962934272,11,0,512
2551,2382364672,16,0,512
2552,1660944384,10,0,512
2553,2382364672,16,0,512
2554,2315255808,23,0,512
2555,1761607680,11,0,512
2556,1979711488,16,0,512
2557,2080374784,14,0,512
2558,1660944384,14,0,512
2559,3003121664,20,0,512
2560,2046820352,14,0,512
2561,1660944384,10,0,512
2562,2164260864,21,0,512
2563,1694498816,9,0,512
2564,2231369728,17,0,512
2565,2365587456,21,0,512
2566,2097152000,20,0,512
2567,2080374784,24,0,512
2568,1761607680,12,0,512
2569,1895825408,9,0,512
2570,2097152000,14,0,512
2571,2852126720,24,0,512
2572,1778384896,11,0,512
2573,1828716544,12,0,512
2574,2013265920,14,0,512
2575,1895825408,15,0,512
2576,2734686208,24,0,512
2577,1778384896,15,0,512
2578,1962934272,13,0,512
2579,1459617792,12,0,512
2580,2684354560,15,0,512
2581,2449473536,17,0,512
2582,1493172224,16,0,512
2583,1962934272,14,0,512
2584,2600468480,17,0,512
2585,2097152000,13,0,512
2586,1895825408,7,0,512
2587,1593835520,9,0,512
2588,2264924160,21,0,512
2589,2617245696,18,0,512
2590,1828716544,12,0,512
2591,1744830464,14,0,512
2592,2432696320,19,0,512
2593,1728053248,14,0,512
2594,2415919104,18,0,512
2595,2046820352,19,0,512
2596,1811939328,12,0,512
2597,1879048192,12,0,512
2598,2785017856,23,0,512
2599,1879048192,12,0,512
2600,1778384896,18,0,512
2601,2466250752,18,0,512
2602,1761607680,14,0,512
2603,2147483648,19,0,512
2604,2399141888,14,0,512
2605,1761607680,13,0,512
2606,1627389952,15,0,512
2607,2365587456,16,0,512
2608,2264924160,18,0,512
2609,2432696320,21,0,512
2610,1677721600,16,0,512
2611,1677721600,11,0,512
2612,2415919104,23,0,512
2613,2197815296,25,0,512
2614,1962934272,9,0,512
2615,2315255808,22,0,512
2616,1694498816,14,0,512
2617,2147483648,17,0,512
2618,2466250752,13,0,512
2619,1744830464,11,0,512
2620,1929379840,15,0,512
2621,2214592512,12,0,512
2622,2382364672,16,0,512
2623,1728053248,15,0,512
2624,2298478592,17,0,512
2625,1845493760,9,0,512
2626,1778384896,14,0,512
2627,2348810240,16,0,512
2628,2566914048,14,0,512
2629,1795162112,12,0,512
2630,1895825408,9,0,512
2631,1879048192,13,0,512
2632,2634022912,15,0,512
2633,2147483648,23,0,512
2634,1845493760,12,0,512
2635,2147483648,13,0,512
2636,2130706432,20,0,512
2637,1862270976,15,0,512
2638,2097152000,14,0,512
2639,2030043136,16,0,512
2640,2046820352,14,0,512
2641,2483027968,20,0,512
2642,1811939328,17,0,512
2643,2013265920,14,0,512
2644,2147483648,21,0,512
2645,1962934272,14,0,512
2646,2332033024,27,0,512
2647,2063597568,14,0,512
2648,1946157056,14,0,512
2649,2147483648,18,0,512
2650,2080374784,17,0,512
2651,2248146944,17,0,512
2652,1862270976,17,0,512
2653,2248146944,12,0,512
2654,2030043136,19,0,512
2655,1946157056,12,0,512
2656,2097152000,16,0,512
2657,2181038080,13,0,512
2658,2080374784,10,0,512
2659,1996488704,9,0,512
2660,2348810240,12,0,512
2661,2113929216,11,0,512
2662,2046820352,17,0,512
2663,2113929216,22,0,512
2664,1828716544,14,0,512
2665,2231369728,14,0,512
2666,2197815296,15,0,512
2667,1879048192,14,0,512
2668,1996488704,14,0,512
2669,2164260864,13,0,512
2670,2298478592,13,0,512
2671,1962934272,19,0,512
2672,2197815296,15,0,512
2673,2097152000,20,0,512
2674,1912602624,13,0,512
2675,2432696320,28,0,512
2676,1711276032,23,0,512
2677,2231369728,17,0,512
2678,2113929216,17,0,512
2679,1912602624,14,0,512
2680,2281701376,16,0,512
2681,2030043136,14,0,512
2682,2130706432,11,0,512
2683,2164260864,15,0,512
2684,1946157056,8,0,512
2685,1962934272,11,0,512
2686,2281701376,15,0,512
2687,2013265920,20,0,512
2688,2063597568,16,0,512
2689,2332033024,22,0,512
2690,1761607680,11,0,512
2691,2130706432,16,0,512
2692,2315255808,13,0,512
2693,2030043136,24,0,512
2694,2030043136,15,0,512
2695,1912602624,15,0,512
2696,2298478592,16,0,512
2697,1979711488,18,0,512
2698,2164260864,16,0,512
2699,2181038080,13,0,512
2700,1912602624,20,0,512
2701,2332033024,18,0,512
2702,1862270976,11,0,512
2703,2130706432,14,0,512
2704,2164260864,12,0,512
2705,2030043136,14,0,512
2706,2181038080,22,0,512
2707,2013265920,18,0,512
2708,2147483648,16,0,512
2709,2130706432,15,0,512
2710,1795162112,11,0,512
2711,2382364672,19,0,512
2712,2130706432,8,0,512
2713,1895825408,5,0,512
2714,2130706432,17,0,512
2715,2130706432,15,0,512
2716,2097152000,12,0,512
2717,1979711488,17,0,512
2718,2164260864,23,0,512
2719,2097152000,20,0,512
2720,1962934272,13,0,512
2721,2298478592,15,0,512
2722,2248146944,20,0,512
2723,1862270976,13,0,512
2724,1862270976,7,0,512
2725,2214592512,16,0,512
2726,2181038080,20,0,512
2727,2164260864,20,0,512
2728,1979711488,17,0,512
2729,2030043136,16,0,512
2730,2231369728,19,0,512
2731,2348810240,13,0,512
2732,2063597568,19,0,512
2733,1778384896,10,0,512
2734,1979711488,20,0,512
2735,2281701376,17,0,512
2736,2097152000,23,0,512
2737,2013265920,14,0,512
2738,2013265920,17,0,512
2739,2030043136,16,0,512
2740,2298478592,15,0,512
2741,2130706432,17,0,512
2742,2046820352,11,0,512
2743,1946157056,12,0,512
2744,2315255808,11,0,512
2745,2181038080,17,0,512
2746,2147483648,17,0,512
2747,1778384896,15,0,512
2748,1778384896,13,0,512
2749,2583691264,12,0,512
2750,2130706432,21,0,512
2751,1912602624,12,0,512
2752,2080374784,13,0,512
2753,2147483648,11,0,512
2754,1962934272,16,0,512
2755,2281701376,20,0,512
2756,1962934272,19,0,512
2757,1912602624,14,0,512
2758,2231369728,11,0,512
2759,2264924160,18,0,512
2760,2097152000,11,0,512
2761,1828716544,17,0,512
2762,2248146944,17,0,512
2763,2013265920,20,0,512
2764,2080374784,17,0,512
2765,2298478592,15,0,512
2766,1912602624,13,0,512
2767,1979711488,10,0,512
2768,2332033024,26,0,512
2769,1895825408,11,0,512
2770,2130706432,15,0,512
2771,2231369728,17,0,512
2772,1996488704,18,0,512
2773,2130706432,18,0,512
2774,2063597568,17,0,512
2775,2030043136,12,0,512
2776,2130706432,15,0,512
2777,2197815296,15,0,512
2778,1879048192,15,0,512
2779,1979711488,14,0,512
2780,2332033024,21,0,512
2781,2147483648,12,0,512
2782,2130706432,21,0,512
2783,1912602624,18,0,512
2784,2147483648,12,0,512
2785,1979711488,5,0,512
2786,2030043136,9,0,512
2787,2298478592,20,0,512
2788,1929379840,20,0,512
2789,2046820352,20,0,512
2790,2113929216,17,0,512
2791,2214592512,14,0,512
2792,2181038080,15,0,512
2793,2030043136,11,0,512
2794,1912602624,18,0,512
2795,2214592512,21,0,512
2796,2097152000,16,0,512
2797,2063597568,17,0,512
2798,2130706432,13,0,512
2799,2113929216,13,0,512
2800,2113929216,10,0,512
2801,2147483648,21,0,512
2802,1929379840,16,0,512
2803,1811939328,11,0,512
2804,2399141888,19,0,512
2805,1946157056,15,0,512
2806,2214592512,15,0,512
2807,2013265920,24,0,512
2808,2298478592,18,0,512
2809,1979711488,14,0,512
2810,2113929216,13,0,512
2811,1912602624,11,0,512
2812,2231369728,19,0,512
2813,2046820352,19,0,512
2814,2113929216,20,0,512
2815,2147483648,15,0,512
2816,2063597568,7,0,512
2817,2063597568,18,0,512
2818,2264924160,19,0,512
2819,1845493760,14,0,512
2820,2315255808,10,0,512
2821,1962934272,14,0,512
2822,1895825408,12,0,512
2823,2197815296,15,0,512
2824,2248146944,15,0,512
2825,2046820352,16,0,512
2826,2113929216,17,0,512
2827,2147483648,13,0,512
2828,1979711488,16,0,512
2829,2214592512,14,0,512
2830,1929379840,11,0,512
2831,1962934272,11,0,512
2832,2248146944,25,0,512
2833,2130706432,21,0,512
2834,2130706432,21,0,512
2835,2030043136,17,0,512
2836,2113929216,21,0,512
2837,1929379840,18,0,512
2838,2281701376,17,0,512
2839,2113929216,12,0,512
2840,1811939328,9,0,512
2841,2164260864,18,0,512
2842,2365587456,17,0,512
2843,1929379840,11,0,512
2844,2046820352,9,0,512
2845,2130706432,17,0,512
2846,2164260864,18,0,512
2847,2046820352,14,0,512
2848,1996488704,15,0,512
2849,2197815296,14,0,512
2850,2197815296,14,0,512
2851,2030043136,17,0,512
2852,1962934272,15,0,512
2853,2097152000,13,0,512
2854,2080374784,16,0,512
2855,2197815296,23,0,512
2856,2164260864,16,0,512
2857,2013265920,13,0,512
2858,1862270976,12,0,512
2859,2365587456,19,0,512
2860,2013265920,16,0,512
2861,1929379840,18,0,512
2862,2013265920,18,0,512
2863,2332033024,12,0,512
2864,2214592512,16,0,512
2865,1862270976,16,0,512
2866,2030043136,13,0,512
2867,2214592512,17,0,512
2868,2113929216,11,0,512
2869,1962934272,13,0,512
2870,2248146944,18,0,512
2871,2080374784,15,0,512
2872,1912602624,11,0,512
2873,2231369728,18,0,512
2874,2214592512,17,0,512
2875,2013265920,16,0,512
2876,1962934272,21,0,512
2877,2432696320,16,0,512
2878,1778384896,18,0,512
2879,1946157056,14,0,512
2880,2164260864,15,0,512
2881,2449473536,17,0,512
2882,1879048192,12,0,512
2883,1979711488,14,0,512
2884,2332033024,19,0,512
2885,2080374784,19,0,512
2886,1929379840,17,0,512
2887,2147483648,11,0,512
2888,2147483648,16,0,512
2889,2248146944,14,0,512
2890,1929379840,16,0,512
2891,2063597568,20,0,512
2892,2248146944,17,0,512
2893,2046820352,15,0,512
2894,1962934272,12,0,512
2895,2214592512,14,0,512
2896,2130706432,17,0,512
2897,1912602624,19,0,512
2898,2130706432,6,0,512
2899,2315255808,11,0,512
2900,2063597568,19,0,512
2901,1879048192,11,0,512
2902,2030043136,23,0,512
2903,2415919104,14,0,512
2904,1912602624,20,0,512
2905,2097152000,24,0,512
2906,1929379840,9,0,512
2907,2348810240,19,0,512
2908,2130706432,14,0,512
2909,2030043136,21,0,512
2910,1996488704,13,0,512
2911,2181038080,18,0,512
2912,2164260864,14,0,512
2913,1979711488,14,0,512
2914,2046820352,16,0,512
2915,2214592512,15,0,512
2916,2164260864,16,0,512
2917,1828716544,12,0,512
2918,2332033024,17,0,512
2919,2332033024,15,0,512
2920,1795162112,14,0,512
2921,1929379840,11,0,512
2922,2231369728,15,0,512
2923,2130706432,15,0,512
2924,1912602624,12,0,512
2925,2130706432,19,0,512
2926,2147483648,18,0,512
2927,2214592512,18,0,512
2928,2046820352,14,0,512
2929,2164260864,13,0,512
2930,2130706432,14,0,512
2931,1895825408,19,0,512
2932,2248146944,19,0,512
2933,2063597568,14,0,512
2934,2365587456,15,0,512
2935,1778384896,11,0,512
2936,2147483648,16,0,512
2937,2030043136,22,0,512
2938,2231369728,14,0,512
2939,2080374784,13,0,512
2940,2164260864,19,0,512
2941,1879048192,17,0,512
2942,2248146944,22,0,512
2943,2113929216,16,0,512
2944,2130706432,25,0,512
2945,2097152000,9,0,512
2946,1979711488,14,0,512
2947,1979711488,17,0,512
2948,2231369728,12,0,512
2949,2315255808,14,0,512
2950,1862270976,15,0,512
2951,1962934272,9,0,512
2952,2399141888,14,0,512
2953,2214592512,16,0,512
2954,1761607680,14,0,512
2955,2130706432,22,0,512
2956,2248146944,18,0,512
2957,2113929216,13,0,512
2958,1845493760,13,0,512
2959,2214592512,9,0,512
2960,2248146944,16,0,512
2961,2147483648,23,0,512
2962,1895825408,16,0,512
2963,2097152000,20,0,512
2964,1996488704,22,0,512
2965,2264924160,17,0,512
2966,2013265920,9,0,512
2967,1962934272,18,0,512
2968,2332033024,11,0,512
2969,2046820352,13,0,512
2970,2030043136,9,0,512
2971,2013265920,20,0,512
2972,2382364672,17,0,512
2973,1962934272,22,0,512
2974,1879048192,15,0,512
2975,2080374784,15,0,512
2976,2432696320,20,0,512
2977,2113929216,18,0,512
2978,1879048192,13,0,512
2979,2097152000,7,0,512
2980,2332033024,17,0,512
2981,1811939328,15,0,512
2982,2264924160,14,0,512
2983,1979711488,16,0,512
2984,2264924160,21,0,512
2985,1862270976,16,0,512
2986,2315255808,18,0,512
2987,2130706432,13,0,512
2988,1996488704,19,0,512
2989,1895825408,17,0,512
2990,2264924160,10,0,512
2991,2113929216,19,0,512
2992,2197815296,12,0,512
2993,1962934272,10,0,512
2994,2030043136,14,0,512
2995,2197815296,23,0,512
2996,2113929216,14,0,512
2997,1979711488,10,0,512
2998,1979711488,13,0,512
2999,2315255808,19,0,512
3000,2113929216,12,0,512
